[{"family":"MaterialIcons","fonts":[{"asset":"fonts/MaterialIcons-Regular.otf"}]},{"family":"ExpressionFont","fonts":[{"asset":"assets/fonts/ExpressionFont.ttf"}]},{"family":"SawarabiMincho","fonts":[{"asset":"assets/fonts/SawarabiMincho-Regular.ttf"}]},{"family":"packages/cupertino_icons/CupertinoIcons","fonts":[{"asset":"packages/cupertino_icons/assets/CupertinoIcons.ttf"}]},{"family":"packages/flutter_math_fork/KaTeX_Main","fonts":[{"asset":"packages/flutter_math_fork/lib/katex_fonts/fonts/KaTeX_Main-Regular.ttf"},{"style":"italic","asset":"packages/flutter_math_fork/lib/katex_fonts/fonts/KaTeX_Main-Italic.ttf"},{"weight":700,"asset":"packages/flutter_math_fork/lib/katex_fonts/fonts/KaTeX_Main-Bold.ttf"},{"weight":700,"style":"italic","asset":"packages/flutter_math_fork/lib/katex_fonts/fonts/KaTeX_Main-BoldItalic.ttf"}]},{"family":"packages/flutter_math_fork/KaTeX_Math","fonts":[{"style":"italic","asset":"packages/flutter_math_fork/lib/katex_fonts/fonts/KaTeX_Math-Italic.ttf"},{"weight":700,"style":"italic","asset":"packages/flutter_math_fork/lib/katex_fonts/fonts/KaTeX_Math-BoldItalic.ttf"}]},{"family":"packages/flutter_math_fork/KaTeX_AMS","fonts":[{"asset":"packages/flutter_math_fork/lib/katex_fonts/fonts/KaTeX_AMS-Regular.ttf"}]},{"family":"packages/flutter_math_fork/KaTeX_Caligraphic","fonts":[{"asset":"packages/flutter_math_fork/lib/katex_fonts/fonts/KaTeX_Caligraphic-Regular.ttf"},{"weight":700,"asset":"packages/flutter_math_fork/lib/katex_fonts/fonts/KaTeX_Caligraphic-Bold.ttf"}]},{"family":"packages/flutter_math_fork/KaTeX_Fraktur","fonts":[{"asset":"packages/flutter_math_fork/lib/katex_fonts/fonts/KaTeX_Fraktur-Regular.ttf"},{"weight":700,"asset":"packages/flutter_math_fork/lib/katex_fonts/fonts/KaTeX_Fraktur-Bold.ttf"}]},{"family":"packages/flutter_math_fork/KaTeX_SansSerif","fonts":[{"asset":"packages/flutter_math_fork/lib/katex_fonts/fonts/KaTeX_SansSerif-Regular.ttf"},{"weight":700,"asset":"packages/flutter_math_fork/lib/katex_fonts/fonts/KaTeX_SansSerif-Bold.ttf"},{"style":"italic","asset":"packages/flutter_math_fork/lib/katex_fonts/fonts/KaTeX_SansSerif-Italic.ttf"}]},{"family":"packages/flutter_math_fork/KaTeX_Script","fonts":[{"asset":"packages/flutter_math_fork/lib/katex_fonts/fonts/KaTeX_Script-Regular.ttf"}]},{"family":"packages/flutter_math_fork/KaTeX_Typewriter","fonts":[{"asset":"packages/flutter_math_fork/lib/katex_fonts/fonts/KaTeX_Typewriter-Regular.ttf"}]},{"family":"packages/flutter_math_fork/KaTeX_Size1","fonts":[{"asset":"packages/flutter_math_fork/lib/katex_fonts/fonts/KaTeX_Size1-Regular.ttf"}]},{"family":"packages/flutter_math_fork/KaTeX_Size2","fonts":[{"asset":"packages/flutter_math_fork/lib/katex_fonts/fonts/KaTeX_Size2-Regular.ttf"}]},{"family":"packages/flutter_math_fork/KaTeX_Size3","fonts":[{"asset":"packages/flutter_math_fork/lib/katex_fonts/fonts/KaTeX_Size3-Regular.ttf"}]},{"family":"packages/flutter_math_fork/KaTeX_Size4","fonts":[{"asset":"packages/flutter_math_fork/lib/katex_fonts/fonts/KaTeX_Size4-Regular.ttf"}]}]